BaseNum,Run,Test_RMSE,Test_Accuracy
1,1,16.110076904296875,0.13554827868938446
1,2,18.640228271484375,-0.15695615112781525
